{"mean_return": 5863.433333333323, "std_return": 109.3848963776782, "success_rate": 1.0}